index,User-ID,Book-Rating
User-ID,1.0,-0.046944442772612574
Book-Rating,-0.046944442772612574,1.0
