Var1,Var2,Correlation
User-ID,Age,-0.004893051792321712
Age,User-ID,-0.004893051792321712
