index,User-ID,Age
User-ID,1.0,-0.004893051792321712
Age,-0.004893051792321712,1.0
