Publisher,Age-Rating Correlation
Ballantine Books,-0.007035249377040177
Pocket,-0.031243024965198134
Berkley Publishing Group,0.002274652011149137
Warner Books,0.004130791340405606
Harlequin,0.004012966864852822
